title,price,img,link,category,rating,review_count,availability
Signal Amplifier 100k-6GHz Full Band Low Noise 9037BAT-LNA RF Amplifier High Linearity Ultra-Low Noise Gain Block Amplifier,10.06,https://imgaz2.staticbg.com/thumb/view/oaupload/banggood/images/A5/4F/37580233-e367-400d-8c2b-736131f896fa.jpg.webp,https://www.banggood.com/Signal-Amplifier-100k-6GHz-Full-Band-Low-Noise-9037BAT-LNA-RF-Amplifier-High-Linearity-Ultra-Low-Noise-Gain-Block-Amplifier-p-2012844.html?rmmds=ElectronicsFlashDeals&cur_warehouse=CN&ID=0,Electronics,4.3,378,In Stock
JYETech DSO183 DIY Oscilloscope Kit 500KHz ADC Built in Signal Generator Waveform Display for Electronic Competition Training,12.21,https://imgaz3.staticbg.com/thumb/view/oaupload/banggood/images/49/B4/e3ca33a2-271d-4358-8118-7304c00d511f.jpg.webp,https://www.banggood.com/JYETech-DSO183-DIY-Oscilloscope-Kit-500KHz-ADC-Built-in-Signal-Generator-Waveform-Display-for-Electronic-Competition-Training-p-2035976.html?rmmds=ElectronicsFlashDeals&cur_warehouse=CN&ID=6321524,Electronics,4.3,244,In Stock
Donut AM MW/SW Mini Loop Antenna+High Resistance Amplifier Kit for HFDY Malahiteam DSP DSP2 Receiver HF Middle Wave,22.22,https://imgaz2.staticbg.com/thumb/view/oaupload/banggood/images/63/31/b7a5f7d9-5563-44b1-9b58-9ab484765d8e.jpg.webp,https://www.banggood.com/Donut-AM-MW-or-SW-Mini-Loop-Antenna+High-Resistance-Amplifier-Kit-for-HFDY-Malahiteam-DSP-DSP2-Receiver-HF-Middle-Wave-p-1997437.html?rmmds=ElectronicsFlashDeals&cur_warehouse=CN&ID=0,Electronics,3.6,125,In Stock
Hohem M7 iSteady M7 Cell Phone Gimbal Stabilizer 3-axis Anti-Shake Stands Extendable Selfie Stick for Live Vlog,205.15,https://imgaz2.staticbg.com/thumb/view/oaupload/banggood/images/7C/F4/a6d40fdc-0701-4137-a8d2-58a0ac566f44.jpg.webp,https://www.banggood.com/Hohem-M7-iSteady-M7-Cell-Phone-Gimbal-Stabilizer-3-axis-Anti-Shake-Stands-Extendable-Selfie-Stick-for-Live-Vlog-p-2029635.html?rmmds=ElectronicsFlashDeals&cur_warehouse=CN&ID=6331384,Electronics,4.2,277,In Stock
KEWEISI KWS-1902L Type-C Tester 4-30V 0-8A Power Meter USB Fast Charging Monitor Bidirectional Testing TFT Display High Precision Voltage Current Measurement,7.42,https://imgaz3.staticbg.com/thumb/view/oaupload/banggood/images/12/D5/a7c556ff-7adc-4574-b0eb-8d7254cf81cc.jpg.webp,https://www.banggood.com/KEWEISI-KWS-1902L-Type-C-Tester-4-30V-0-8A-Power-Meter-USB-Fast-Charging-Monitor-Bidirectional-Testing-TFT-Display-High-Precision-Voltage-Current-Measurement-p-2041769.html?rmmds=ElectronicsFlashDeals&cur_warehouse=CN&ID=6287845,Electronics,3.8,23,In Stock
AMNVOLT ATR1000 1000W 1.8-30MHz Automatic Antenna Tuner HF Shortwave Radio Tuner Supports WIFI Remote Control For YAESU ICOM,232.24,https://imgaz3.staticbg.com/thumb/view/oaupload/banggood/images/01/F7/96700da4-5f72-48aa-8ad5-dd372746889c.jpg.webp,https://www.banggood.com/AMNVOLT-ATR1000-1000W-1_8-30MHz-Automatic-Antenna-Tuner-HF-Shortwave-Radio-Tuner-Supports-WIFI-Remote-Control-For-YAESU-ICOM-p-2042560.html?rmmds=ElectronicsFlashDeals&cur_warehouse=CN&ID=6287830,Electronics,3.6,350,In Stock
5Pcs LM2596 DC-DC Voltage Regulator Adjustable Step Down Power Supply Module With Display,8.51,https://imgaz2.staticbg.com/thumb/view/oaupload/banggood/images/FE/2E/c9a0cb06-3126-407d-bd49-ac0f7420b5b1.jpg.webp,https://www.banggood.com/5Pcs-LM2596-DC-DC-Voltage-Regulator-Adjustable-Step-Down-Power-Supply-Module-With-Display-p-1180685.html?rmmds=ElectronicsFlashDeals&cur_warehouse=CN&ID=0,Electronics,3.3,24,In Stock
XY6020L 6-70V CNC Adjustable Stabilized Voltage Power Supply Constant Voltage Constant Current 20A/1200W Buck Module,6.96,https://imgaz1.staticbg.com/thumb/view/oaupload/banggood/images/3B/0C/ab3b96cd-8a15-485b-afec-c24e3bf099cb.jpg.webp,https://www.banggood.com/XY6020L-6-70V-CNC-Adjustable-Stabilized-Voltage-Power-Supply-Constant-Voltage-Constant-Current-20A-or-1200W-Buck-Module-p-1995536.html?rmmds=ElectronicsFlashDeals&cur_warehouse=CN&ID=6336066,Electronics,4.8,422,In Stock
LILYGO® T-Deck Pro ESP32-S3 Development Board 4G/PCM5102A/LoRa/GPS E-Paper Touchscreen QWIIC Interface IoT Communication Device,89.02,https://imgaz2.staticbg.com/thumb/view/oaupload/banggood/images/BF/39/63039478-4f92-4667-b18a-e186c0ca7194.jpg.webp,https://www.banggood.com/LILYGO-T-Deck-Pro-ESP32-S3-Development-Board-4G-or-PCM5102A-or-LoRa-or-GPS-E-Paper-Touchscreen-QWIIC-Interface-IoT-Communication-Device-p-2036455.html?rmmds=ElectronicsFlashDeals&cur_warehouse=CN&ID=63241736333564,Electronics,4.9,493,In Stock
6 Digits DIY Clock Kit Auto Display Time DIY Alarm Clock Soldering Practice Kit for Students and Diyers DC4.5V-5.5V,7.73,https://imgaz2.staticbg.com/thumb/view/oaupload/banggood/images/78/6E/7580cfdd-b376-404e-8c52-c50c897862b1.jpg.webp,https://www.banggood.com/6-Digits-DIY-Clock-Kit-Auto-Display-Time-DIY-Alarm-Clock-Soldering-Practice-Kit-for-Students-and-Diyers-DC4_5V-5_5V-p-2009342.html?rmmds=ElectronicsFlashDeals&cur_warehouse=CN&ID=6314576,Electronics,4.6,486,In Stock
HackRF One Bareboard NewMayhem Firmware V1.7.3 Hackrf One 1MHz-6GHz Software Defined Radio,74.31,https://imgaz3.staticbg.com/thumb/view/oaupload/banggood/images/D7/67/76620130-43af-4df6-a178-5a7ba6429b01.jpg.webp,https://www.banggood.com/HackRF-One-Bareboard-NewMayhem-Firmware-V1_7_3-Hackrf-One-1MHz-6GHz-Software-Defined-Radio-p-1998396.html?rmmds=ElectronicsFlashDeals&cur_warehouse=CN&ID=0,Electronics,4.8,13,In Stock
"1003L 10"" IPS Digital Picture Frame 1280x800 HD Photo Video Player Remote Control Calendar Clock Plug-and-Play SD/USB Wall Mount Home Decor Gift for Family",30.96,https://imgaz2.staticbg.com/thumb/view/oaupload/banggood/images/E7/2D/a85f58ba-c0dd-4ea0-9573-8036f852c702.jpg.webp,https://www.banggood.com/1003L-10-inch-IPS-Digital-Picture-Frame-1280x800-HD-Photo-Video-Player-Remote-Control-Calendar-Clock-Plug-and-Play-SD-or-USB-Wall-Mount-Home-Decor-Gift-for-Family-p-2032652.html?rmmds=ElectronicsFlashDeals&cur_warehouse=CN&ID=471846287845,Electronics,4.4,35,In Stock
Electromagnetic DIY Electronic Kit Long-range Projectile High-voltage Coil Booster Circuit Board Production Welding Electronic Science Experiment,6.96,https://imgaz1.staticbg.com/thumb/view/oaupload/banggood/images/49/C0/16ff3d03-45dd-4244-8ca5-93890ac28c8f.jpg.webp,https://www.banggood.com/Electromagnetic-DIY-Electronic-Kit-Long-range-Projectile-High-voltage-Coil-Booster-Circuit-Board-Production-Welding-Electronic-Science-Experiment-p-2011151.html?rmmds=ElectronicsFlashDeals&cur_warehouse=CN&ID=6309505,Electronics,4.7,246,In Stock
Geekcreit® DIY Radio Electronic Kit Parts 51 Single-chip FM Digital Sound Machine,9.75,https://imgaz.staticbg.com/thumb/view/oaupload/banggood/images/79/1B/80fe1e37-4595-4f02-8e4a-8eb303982ba8.jpg.webp,https://www.banggood.com/Geekcreit-DIY-Radio-Electronic-Kit-Parts-51-Single-chip-FM-Digital-Sound-Machine-p-1982860.html?rmmds=ElectronicsFlashDeals&cur_warehouse=CN&ID=0,Electronics,3.7,437,In Stock
LILYGO® T-Display-S3 ESP32-S3 1.9 inch ST7789 LCD Display Development Board WIFI Bluetooth5.0 Wireless Module 170*320 Resolution,12.38,https://imgaz.staticbg.com/thumb/view/oaupload/banggood/images/21/C4/baf4793c-16b7-4352-90c9-35318dcba58d.jpg.webp,https://www.banggood.com/LILYGO-T-Display-S3-ESP32-S3-1_9-inch-ST7789-LCD-Display-Development-Board-WIFI-Bluetooth5_0-Wireless-Module-170+320-Resolution-p-1993268.html?rmmds=ElectronicsFlashDeals&cur_warehouse=CN&ID=6320854,Electronics,3.2,334,In Stock
AlgoLaser Simple Rotary Roller Plug and Play for 5-100mm Diameter Objects Laser Engraving Parts Accessory,46.44,https://imgaz2.staticbg.com/thumb/view/oaupload/banggood/images/64/A9/1cd3b2fe-e8c7-461d-abf1-2ff62ba1e1ca.jpg.webp,https://www.banggood.com/AlgoLaser-Simple-Rotary-Roller-Plug-and-Play-for-5-100mm-Diameter-Objects-Laser-Engraving-Parts-Accessory-p-2037010.html?rmmds=ElectronicsFlashDeals&cur_warehouse=CN&ID=6287830,Electronics,4.4,281,In Stock
RIDEN® RD6018 RD6018W RD6024 RD6024W RD6030 Digital Switching Power Supply Case S800 Shell For Voltage Converter,27.86,https://imgaz1.staticbg.com/thumb/view/oaupload/banggood/images/76/F0/7386a78b-c2c2-40e2-bda2-0c38bcfd6918.jpg.webp,https://www.banggood.com/RIDEN-RD6018-RD6018W-RD6024-RD6024W-RD6030-Digital-Switching-Power-Supply-Case-S800-Shell-For-Voltage-Converter-p-1995241.html?rmmds=ElectronicsFlashDeals&cur_warehouse=CN&ID=6323987,Electronics,3.3,112,In Stock
ST-15B 87-108MHz 15W FM Broadcast Transmitter Stereo PLL FM Radio Broadcast Station,62.67,https://imgaz2.staticbg.com/thumb/view/oaupload/banggood/images/6D/C6/6f8c9370-fdc3-4457-a2e4-5b0d362ace3e.jpg.webp,https://www.banggood.com/ST-15B-87-108MHz-15W-FM-Broadcast-Transmitter-Stereo-PLL-FM-Radio-Broadcast-Station-p-2043154.html?rmmds=ElectronicsFlashDeals&cur_warehouse=CN&ID=6333530,Electronics,3.1,144,In Stock
Sipeed NanoKVM PiKVM Mini Remote Control Server 1080P 60fps RISC-V USB OLED Display Development Board,29.77,https://imgaz1.staticbg.com/thumb/view/oaupload/banggood/images/67/92/f92ae76f-cd9d-42d7-ad9b-11a0ec2574f8.jpg.webp,https://www.banggood.com/Sipeed-NanoKVM-PiKVM-Mini-Remote-Control-Server-1080P-60fps-RISC-V-USB-OLED-Display-Development-Board-p-2032971.html?rmmds=ElectronicsFlashDeals&cur_warehouse=CN&ID=6332583,Electronics,4.2,179,In Stock
RF 2-in-1 IoT Module for M5Stack StickCPlus StickC Plus Extension with NRF24 2.4GHz and CC1101 433MHz Support Bruce Firmware,21.36,https://imgaz3.staticbg.com/thumb/view/oaupload/banggood/images/86/1B/89129182-db15-4ec6-8917-71419bdc8c1a.jpg.webp,https://www.banggood.com/RF-2-in-1-IoT-Module-for-M5Stack-StickCPlus-StickC-Plus-Extension-with-NRF24-2_4GHz-and-CC1101-433MHz-Support-Bruce-Firmware-p-2038692.html?rmmds=ElectronicsFlashDeals&cur_warehouse=CN&ID=6300084,Electronics,3.7,372,In Stock
NITECORE BB nano 40000RPM Electric Camera Air Blower Mini High-speed Cordless Vacuum Cleaner Len Sensor Duster for Cameras Keyboard Anime Car Pet,23.99,https://imgaz1.staticbg.com/thumb/view/oaupload/banggood/images/D1/4F/978c1ea7-0717-4d00-bbde-1eca57e1efe7.jpg.webp,https://www.banggood.com/NITECORE-BB-nano-40000RPM-Electric-Camera-Air-Blower-Mini-High-speed-Cordless-Vacuum-Cleaner-Len-Sensor-Duster-for-Cameras-Keyboard-Anime-Car-Pet-p-2008799.html?rmmds=ElectronicsFlashDeals&cur_warehouse=CN&ID=0,Electronics,3.2,406,In Stock
High Impedance Amplifier for SDR Walkie Talkie Small Loop Antenna HackRF One Donut Antenna,10.77,https://imgaz.staticbg.com/thumb/view/oaupload/banggood/images/03/14/6f03a4f1-0150-4a54-93f3-f5a3ec6241ac.jpg.webp,https://www.banggood.com/High-Impedance-Amplifier-for-SDR-Walkie-Talkie-Small-Loop-Antenna-HackRF-One-Donut-Antenna-p-1997436.html?rmmds=ElectronicsFlashDeals&cur_warehouse=CN&ID=6287830,Electronics,4.5,265,In Stock
RIDEN® 1500W AC110V/220V to DC 68V Regulated Switching Power Supply for RD6018 RD6024 RD6030,79.27,https://imgaz2.staticbg.com/thumb/view/oaupload/banggood/images/E8/BD/01ec18f7-a8e2-4f17-99e9-a3fb6b572e5d.jpg.webp,https://www.banggood.com/RIDEN-1500W-AC110V-or-220V-to-DC-68V-Regulated-Switching-Power-Supply-for-RD6018-RD6024-RD6030-p-1995203.html?rmmds=ElectronicsFlashDeals&cur_warehouse=CN&ID=0,Electronics,3.7,88,In Stock
Graphics Card Docking Station Video Card Dock Station Beast Oculink PCI-E 4.0 X4 Laptop for Oculink Interface,41.8,https://imgaz.staticbg.com/thumb/view/oaupload/banggood/images/C8/CF/071de013-2efa-484f-a8f7-c600911f2c35.jpg.webp,https://www.banggood.com/Graphics-Card-Docking-Station-Video-Card-Dock-Station-Beast-Oculink-PCI-E-4_0-X4-Laptop-for-Oculink-Interface-p-2007344.html?rmmds=ElectronicsFlashDeals&cur_warehouse=CN&ID=6325495,Electronics,4.3,347,In Stock
"Baseus Phone Holder 5.7""-7.2"" Adjustable Phone Clip Stand Shockproof Portable Bike Holder Phone Bracket for Motorcycle Bicycle",6.19,https://imgaz3.staticbg.com/thumb/view/oaupload/banggood/images/7F/CE/04618168-844f-488b-ab4b-a3cc49d54d25.jpg.webp,https://www.banggood.com/Baseus-Phone-Holder-5_7-inch-7_2-inch-Adjustable-Phone-Clip-Stand-Shockproof-Portable-Bike-Holder-Phone-Bracket-for-Motorcycle-Bicycle-p-2013441.html?rmmds=SportsFlashDeals&cur_warehouse=CN&ID=0,Sports and Outdoors,3.2,124,In Stock
ROCKBROS 3.5L Lightweight Bike Saddle Bag Compact Size Capacity Portable Handbag Multifunction Cycling Bag Bicycle Accessories,6.19,https://imgaz.staticbg.com/thumb/view/oaupload/banggood/images/BA/22/0c402f3d-1a1d-49d2-9aa0-d5810d2cd9e0.jpg.webp,https://www.banggood.com/ROCKBROS-3_5L-Lightweight-Bike-Saddle-Bag-Compact-Size-Capacity-Portable-Handbag-Multifunction-Cycling-Bag-Bicycle-Accessories-p-2023788.html?rmmds=SportsFlashDeals&cur_warehouse=CN&ID=6287941,Sports and Outdoors,4.0,347,In Stock
"TENGOO HZ-23 23 Zones Heated Jacket - Four-control, USB & DC Port, Smart Thermal Warm Jacket Uniex Heated Hooded Coat Outdoor Sportswear",27.09,https://imgaz2.staticbg.com/thumb/view/oaupload/banggood/images/56/71/0a9fcd2f-4812-4b51-9d81-0e10d3530e4a.jpg.webp,"https://www.banggood.com/TENGOO-HZ-23-23-Zones-Heated-Jacket-Four-control,USB-and-DC-Port,Smart-Thermal-Warm-Jacket-Uniex-Heated-Hooded-Coat-Outdoor-Sportswear-p-2040560.html?rmmds=SportsFlashDeals&cur_warehouse=CN&ID=6287638",Sports and Outdoors,4.0,191,In Stock
"IPRee Multi-Functional Claw Hammer Sheep Horn Hammer, Convenient Camping Combination Small Tool, Stainless Steel Pliers  for Outdoor and DIY Use",12.38,https://imgaz2.staticbg.com/thumb/view/oaupload/banggood/images/51/13/74f62ace-335c-48f4-8ef4-ec888fa927ca.png.webp,"https://www.banggood.com/IPRee-Multi-Functional-Claw-Hammer-Sheep-Horn-Hammer,Convenient-Camping-Combination-Small-Tool,Stainless-Steel-Pliers-for-Outdoor-and-DIY-Use-p-2043289.html?rmmds=SportsFlashDeals&cur_warehouse=CN&ID=6287830",Sports and Outdoors,4.6,277,In Stock
TENGOO HV-02 Unisex 2 Zone Heating Vest 3-Gears Heated Jackets USB Electric Thermal Clothing Winter Warm Vest Outdoor Heat Coat Clothing,13.15,https://imgaz1.staticbg.com/thumb/view/oaupload/banggood/images/FA/74/e2c2d108-b9cd-4763-a562-9e535f01f8b0.jpg.webp,https://www.banggood.com/TENGOO-HV-02-Unisex-2-Zone-Heating-Vest-3-Gears-Heated-Jackets-USB-Electric-Thermal-Clothing-Winter-Warm-Vest-Outdoor-Heat-Coat-Clothing-p-2040359.html?rmmds=SportsFlashDeals&cur_warehouse=CN&ID=6287638,Sports and Outdoors,3.7,411,In Stock
IPRee 16 In 1 Multifunctional Hammer Survival Tool Folding Pocket Pliers With Screwdriver Bottle Opener For Survival Camping Hunting Outdoor,22.76,https://imgaz2.staticbg.com/thumb/view/oaupload/banggood/images/91/44/6a346daa-2b9b-4ecd-ab71-be9651daa16c.png.webp,https://www.banggood.com/IPRee-16-In-1-Multifunctional-Hammer-Survival-Tool-Folding-Pocket-Pliers-With-Screwdriver-Bottle-Opener-For-Survival-Camping-Hunting-Outdoor-p-2041228.html?rmmds=SportsFlashDeals&cur_warehouse=CN&ID=224,Sports and Outdoors,4.6,473,In Stock
XHP70 Strong LED Headlamp Type-C USB Charging Outdoor Fishing Zoom Headlight Bike Running Search Head Lamp,8.03,https://imgaz2.staticbg.com/thumb/view/oaupload/banggood/images/D6/D8/afc82a83-69bd-490d-82fb-ce99712406a0.jpg.webp,https://www.banggood.com/XHP70-Strong-LED-Headlamp-Type-C-USB-Charging-Outdoor-Fishing-Zoom-Headlight-Bike-Running-Search-Head-Lamp-p-1992739.html?rmmds=SportsFlashDeals&cur_warehouse=CN&ID=0,Sports and Outdoors,3.8,382,In Stock
TF-100 36V-60V 5 Pin LCD Electric Scooter Universal Display For YUNLI JINGBO Controller LAOTIE TI30 ES19 ANGWATT T1 C1 F1 BOYUEDA KUGOO KUKIRIN DUOTTS TF100,15.48,https://imgaz.staticbg.com/thumb/view/oaupload/banggood/images/FA/7C/abdb020e-fb75-41ce-bd99-0e27dec41346.jpg.webp,https://www.banggood.com/TF-100-36V-60V-5-Pin-LCD-Electric-Scooter-Universal-Display-For-YUNLI-JINGBO-Controller-LAOTIE-TI30-ES19-ANGWATT-T1-C1-F1-BOYUEDA-KUGOO-KUKIRIN-DUOTTS-TF100-p-1998224.html?rmmds=SportsFlashDeals&cur_warehouse=CN&ID=0,Sports and Outdoors,3.2,354,In Stock
"TENGOO HT-08A Women Electric Heated Trousers - 8 Heating Areas, 3 Temperature Control, Waterproof Winter Warm Thermal Leggings Pants for Outdoors",40.25,https://imgaz3.staticbg.com/thumb/view/oaupload/banggood/images/D1/BE/6d59ee1d-e502-4931-8f92-5849b700a18b.jpg.webp,"https://www.banggood.com/TENGOO-HT-08A-Women-Electric-Heated-Trousers-8-Heating-Areas,3-Temperature-Control,Waterproof-Winter-Warm-Thermal-Leggings-Pants-for-Outdoors-p-2041894.html?rmmds=SportsFlashDeals&cur_warehouse=CN&ID=6287636",Sports and Outdoors,4.6,33,In Stock
Bikight LX200 Wave Sensor 1200mAh 270° Wide Range 350LM 5 Lighting Modes LED Headlamp USB Rechargeable Head Torch COB Outdoor Cycling Adventure Fishing Flashlight Bike Headlamp,6.19,https://imgaz2.staticbg.com/thumb/view/oaupload/banggood/images/3F/53/2aafd9c5-e34a-4ccd-afd4-babddd904a37.jpg.webp,https://www.banggood.com/Bikight-LX200-Wave-Sensor-1200mAh-270-Wide-Range-350LM-5-Lighting-Modes-LED-Headlamp-USB-Rechargeable-Head-Torch-COB-Outdoor-Cycling-Adventure-Fishing-Flashlight-Bike-Headlamp-p-1854092.html?rmmds=SportsFlashDeals&cur_warehouse=CN&ID=6321046,Sports and Outdoors,4.5,81,In Stock
"IPRee Outdoor Solar Charging 2000LM Emergency Light Long 5000mAh Battery Life, USB Charging Portable And Long-Lasting Illumination For Outdoor Folding Camping Tent Lights",13.93,https://imgaz2.staticbg.com/thumb/view/oaupload/banggood/images/19/16/f42caf70-3dba-4fff-93c0-84f1ee393b6f.jpg.webp,"https://www.banggood.com/IPRee-Outdoor-Solar-Charging-2000LM-Emergency-Light-Long-5000mAh-Battery-Life,USB-Charging-Portable-And-Long-Lasting-Illumination-For-Outdoor-Folding-Camping-Tent-Lights-p-2032566.html?rmmds=SportsFlashDeals&cur_warehouse=CN&ID=6287837",Sports and Outdoors,3.7,401,In Stock
LAOTIE 36-60V Wide Voltage Turn Signal Light Electric Scootor Taillight For Electric Scooters For ES19 TI30 T30 SR10 ES18 Lite,6.19,https://imgaz.staticbg.com/thumb/view/oaupload/banggood/images/95/9C/a8840a84-8e64-4220-8436-0efe1ad21424.jpg.webp,https://www.banggood.com/LAOTIE-36-60V-Wide-Voltage-Turn-Signal-Light-Electric-Scootor-Taillight-For-Electric-Scooters-For-ES19-TI30-T30-SR10-ES18-Lite-p-1959442.html?rmmds=SportsFlashDeals&cur_warehouse=CN&ID=0,Sports and Outdoors,3.6,425,In Stock
KALOAD Dynamometer Hand Grips Electronic Grip Strengthener LED Display Intelligent Electronic Grip Meter,15.48,https://imgaz3.staticbg.com/thumb/view/oaupload/banggood/images/0F/26/a4f9fac6-74b1-490b-9cfb-986342a3e7a2.jpg.webp,https://www.banggood.com/KALOAD-Dynamometer-Hand-Grips-Electronic-Grip-Strengthener-LED-Display-Intelligent-Electronic-Grip-Meter-p-2025281.html?rmmds=SportsFlashDeals&cur_warehouse=CN&ID=233,Sports and Outdoors,4.4,269,In Stock
ANGWATT 60V Electric Scooter Charger For LAOTIE ES19 TI30 ES18P SR10 ANGWATT T1 X1 C1 MAX DUOTTS D88 BOYUEDA S3,16.96,https://imgaz.staticbg.com/thumb/view/oaupload/banggood/images/01/31/32d1a52a-0e96-4b31-b84b-a08d07c565bb.jpg.webp,https://www.banggood.com/ANGWATT-60V-Electric-Scooter-Charger-For-LAOTIE-ES19-TI30-ES18P-SR10-ANGWATT-T1-X1-C1-MAX-DUOTTS-D88-BOYUEDA-S3-p-1995392.html?rmmds=SportsFlashDeals&cur_warehouse=CN&ID=0,Sports and Outdoors,3.3,399,In Stock
XIAOMI Mijia Massage Gun 3 Mini Edition Smart Dual Mode 12kg High Thrust Brushless Silent Motor Gear Memory Strength Indicator Light Ring Portable Muscle Effective Relief Massage Gun,38.7,https://imgaz.staticbg.com/thumb/view/oaupload/banggood/images/25/E2/081a1303-e1a9-4bdf-8d38-0705269b77cc.jpg.webp,https://www.banggood.com/XIAOMI-Mijia-Massage-Gun-3-Mini-Edition-Smart-Dual-Mode-12kg-High-Thrust-Brushless-Silent-Motor-Gear-Memory-Strength-Indicator-Light-Ring-Portable-Muscle-Effective-Relief-Massage-Gun-p-2030654.html?rmmds=SportsFlashDeals&cur_warehouse=CN&ID=6288208,Sports and Outdoors,3.5,332,In Stock
ATuMan DUKA LS-P Intelligent Digital Laser Rangefinder Rechargeable Hunting Golf Distance Meter Range Finder,17.8,https://imgaz.staticbg.com/thumb/view/oaupload/banggood/images/B5/12/2284aff4-7455-451c-90e9-69c2b9a95400.jpg.webp,https://www.banggood.com/ATuMan-DUKA-LS-P-Intelligent-Digital-Laser-Rangefinder-Rechargeable-Hunting-Golf-Distance-Meter-Range-Finder-p-1515410.html?rmmds=SportsFlashDeals&cur_warehouse=CN&ID=0,Sports and Outdoors,3.1,386,In Stock
Trustfire H7R 2000 Lumen Red White 4000K CRI95 Head LED Headlamp Work Light USB Rechargeable with Spotlight Floodlight LED Headlight,27.48,https://imgaz3.staticbg.com/thumb/view/oaupload/banggood/images/E8/45/96b6b718-3cf0-4900-a862-a538aae08d10.jpg.webp,https://www.banggood.com/Trustfire-H7R-2000-Lumen-Red-White-4000K-CRI95-Head-LED-Headlamp-Work-Light-USB-Rechargeable-with-Spotlight-Floodlight-LED-Headlight-p-2041824.html?rmmds=SportsFlashDeals&cur_warehouse=CN&ID=6287851,Sports and Outdoors,3.1,332,In Stock
[Type-C Version]MAGICSHINE RN120 V2.0 Bike Taillight 260° Visibility IPX6 Waterproof 2000m Distance Bicycle Rear Light for Night Cycling,15.48,https://imgaz2.staticbg.com/thumb/view/oaupload/banggood/images/29/D3/804d92ac-ce37-49f6-bde6-89ad906461cf.jpg.webp,https://www.banggood.com/Type-C-VersionMAGICSHINE-RN120-V2_0-Bike-Taillight-260-Visibility-IPX6-Waterproof-2000m-Distance-Bicycle-Rear-Light-for-Night-Cycling-p-1993805.html?rmmds=SportsFlashDeals&cur_warehouse=CN&ID=0,Sports and Outdoors,4.5,328,In Stock
ANGWATT Switch Handlebar Switch Shift For ANGWATT X1 ANGWATT CS1 ANGWATT F1 NEW ANGWATT T1 2.0 ANGWATT C1 MAX ANGWATT C1 2.0,10.61,https://imgaz3.staticbg.com/thumb/view/oaupload/banggood/images/E6/53/657f05de-41f9-4649-962c-a5bdc9b7e934.jpg.webp,https://www.banggood.com/ANGWATT-Switch-Handlebar-Switch-Shift-For-ANGWATT-X1-ANGWATT-CS1-ANGWATT-F1-NEW-ANGWATT-T1-2_0-ANGWATT-C1-MAX-ANGWATT-C1-2_0-p-2021139.html?rmmds=SportsFlashDeals&cur_warehouse=CN&ID=6287830,Sports and Outdoors,3.5,285,In Stock
IPRee 7 Meter/50 LED Solar Droplet Lights String Outdoor Waterproof Garden Lawn Paths Fencing Wedding Party Holiday Decora Solar Powered Light,7.73,https://imgaz1.staticbg.com/thumb/view/oaupload/banggood/images/44/B5/bf40f097-862f-45af-8fc6-6497ea6dc866.png.webp,https://www.banggood.com/IPRee-7-Meter-or-50-LED-Solar-Droplet-Lights-String-Outdoor-Waterproof-Garden-Lawn-Paths-Fencing-Wedding-Party-Holiday-Decora-Solar-Powered-Light-p-2041230.html?rmmds=SportsFlashDeals&cur_warehouse=CN&ID=6290428,Sports and Outdoors,4.7,119,In Stock
TENGOO 1pc Winter Neck Gaiter Hat For Men And Women Camping Fleece Neck Gaiter Ski Tube Scarf Snowboard Half Face Mask Face Cover Men Women Outdoor Cold Proof Neck Winter,6.19,https://imgaz2.staticbg.com/thumb/view/oaupload/banggood/images/6F/12/2e86761b-d6ca-432d-bc31-ddfd1949d3c5.jpg.webp,https://www.banggood.com/TENGOO-1pc-Winter-Neck-Gaiter-Hat-For-Men-And-Women-Camping-Fleece-Neck-Gaiter-Ski-Tube-Scarf-Snowboard-Half-Face-Mask-Face-Cover-Men-Women-Outdoor-Cold-Proof-Neck-Winter-p-2024100.html?rmmds=SportsFlashDeals&cur_warehouse=CN&ID=6290823,Sports and Outdoors,4.4,240,In Stock
ANGWATT Speed Throttle For ANGWATT X1 ANGWATT CS1 ANGWATT F1 NEW ANGWATT T1 2.0 ANGWATT C1 2.0 ANGWATT C1 MAX ANGWATT T1 3.0 ANGWATT X1 2.0 ANGWATT CS1 PRO ANGWATT CS1 2025,10.61,https://imgaz3.staticbg.com/thumb/view/oaupload/banggood/images/46/94/800e62c5-0679-4bac-a913-2ec047a8fe6d.jpg.webp,https://www.banggood.com/ANGWATT-Speed-Throttle-For-ANGWATT-X1-ANGWATT-CS1-ANGWATT-F1-NEW-ANGWATT-T1-2_0-ANGWATT-C1-2_0-ANGWATT-C1-MAX-ANGWATT-T1-3_0-ANGWATT-X1-2_0-ANGWATT-CS1-PRO-ANGWATT-CS1-2025-p-2021141.html?rmmds=SportsFlashDeals&cur_warehouse=CN&ID=6287830,Sports and Outdoors,4.1,134,In Stock
"LAOTIE BM2 Universal Bike Phone Holder Four Corners Shockproof Free Rotation 4.0""-7.0"" Cellphone Electric Scooter Motorcycle Bicycle Mount for SAMEBIKE LAOTIE",7.73,https://imgaz.staticbg.com/thumb/view/oaupload/banggood/images/4D/9F/d0f4702e-7f2f-4ca7-94c5-da424adc4cc2.jpg.webp,https://www.banggood.com/LAOTIE-BM2-Universal-Bike-Phone-Holder-Four-Corners-Shockproof-Free-Rotation-4_0-inch-7_0-inch-Cellphone-Electric-Scooter-Motorcycle-Bicycle-Mount-for-SAMEBIKE-LAOTIE-p-2014903.html?rmmds=SportsFlashDeals&cur_warehouse=CN&ID=0,Sports and Outdoors,3.8,293,In Stock
Anti-theft Lock For Electric Scooter Xiaomi Mijia Electric Scooter Electric Bike Disc Brake Lock With Steel Wire Bicycle Mountain Bike Motorcycle Disc lock Safety Theft Protect,3.55,https://imgaz.staticbg.com/thumb/view/oaupload/banggood/images/31/F2/123e2dbe-3e15-4da1-b305-cefd641ac56d.jpg.webp,https://www.banggood.com/Anti-theft-Lock-For-Electric-Scooter-Xiaomi-Mijia-Electric-Scooter-Electric-Bike-Disc-Brake-Lock-With-Steel-Wire-Bicycle-Mountain-Bike-Motorcycle-Disc-lock-Safety-Theft-Protect-p-1981220.html?rmmds=SportsFlashDeals&cur_warehouse=CN&ID=6287830,Sports and Outdoors,3.2,127,In Stock
Andeman 4000A 150PSI 11200mAh Portable Jump Starter with Air Compressor Function,38.7,https://imgaz2.staticbg.com/thumb/view/oaupload/banggood/images/F8/F2/261dfec2-2737-4361-aa6d-e855aa7e8b4d.jpg.webp,https://www.banggood.com/Andeman-4000A-150PSI-11200mAh-Portable-Jump-Starter-with-Air-Compressor-Function-p-2040699.html?rmmds=AutomobilesFlashDeals&cur_warehouse=CN&ID=0,Automobiles and Motorcycles,4.1,162,In Stock
Sunbuck AV-660BT 2000W bluetooth 5.0 Audio Power Amplifier EQ Stereo AMP Car Home 2CH AUX USB FM Radio,23.22,https://imgaz.staticbg.com/thumb/view/oaupload/banggood/images/54/38/515567cc-a1a3-4a6c-87e7-856e0808273d.jpeg.webp,https://www.banggood.com/Sunbuck-AV-660BT-2000W-bluetooth-5_0-Audio-Power-Amplifier-EQ-Stereo-AMP-Car-Home-2CH-AUX-USB-FM-Radio-p-1748941.html?rmmds=AutomobilesFlashDeals&cur_warehouse=CN&ID=471846287830,Automobiles and Motorcycles,3.1,493,In Stock
"LED Car sign,programmable LED sign, Flexible Matrix panel by Bluetooth APP, LED Display and Sign board for store, shop, bar and business areas",15.48,https://imgaz.staticbg.com/thumb/view/oaupload/banggood/images/02/24/7dc20cc7-b7bd-4d2c-ab62-ecdeba7b898b.jpg.webp,"https://www.banggood.com/LED-Car-sign,programmable-LED-sign,Flexible-Matrix-panel-by-Bluetooth-APP,LED-Display-and-Sign-board-for-store,shop,bar-and-business-areas-p-2031189.html?rmmds=AutomobilesFlashDeals&cur_warehouse=CN&ID=6332025",Automobiles and Motorcycles,4.2,324,In Stock
"2025 New Model Mini GPS Tracker,Magnetic Waterproof Covert GPS Tracker,Car Global Positioning System.Extra Long Range for Vehicles,Elderly,Kids,Pets",12.23,https://imgaz1.staticbg.com/thumb/view/oaupload/banggood/images/4B/A3/0a3616c8-891c-4120-9c07-cd85d87eb69f.png.webp,"https://www.banggood.com/2025-New-Model-Mini-GPS-Tracker,Magnetic-Waterproof-Covert-GPS-Tracker,Car-Global-Positioning-System_Extra-Long-Range-for-Vehicles,Elderly,Kids,Pets-p-2034124.html?rmmds=AutomobilesFlashDeals&cur_warehouse=CN&ID=6287830",Automobiles and Motorcycles,4.5,352,In Stock
12V / 24V 150W Car Heater portable Electric Heating Fan Automatic Windshield Dryer Defogging Demister Defroster,13.15,https://imgaz3.staticbg.com/thumb/view/oaupload/banggood/images/BE/1A/793db43b-cf75-43e8-9dbd-cfdef7979323.jpg.webp,https://www.banggood.com/12V-or-24V-150W-Car-Heater-portable-Electric-Heating-Fan-Automatic-Windshield-Dryer-Defogging-Demister-Defroster-p-2042554.html?rmmds=AutomobilesFlashDeals&cur_warehouse=CN&ID=6335602,Automobiles and Motorcycles,4.4,95,In Stock
Xparkle Smart RV Leveling System bluetooth Wireless Control RVS01 Real-Time Precise Leveling Measurements Advanced Wireless Camper Leveler,33.28,https://imgaz2.staticbg.com/thumb/view/oaupload/banggood/images/32/A1/6d26c7e5-74d4-4d10-bca7-5913d40818dd.jpg.webp,https://www.banggood.com/Xparkle-Smart-RV-Leveling-System-bluetooth-Wireless-Control-RVS01-Real-Time-Precise-Leveling-Measurements-Advanced-Wireless-Camper-Leveler-p-2033549.html?rmmds=AutomobilesFlashDeals&cur_warehouse=CN&ID=6287830,Automobiles and Motorcycles,3.2,29,In Stock
4 Wheel USB Android Car Tire Pressure Alarm System 433.92MHz TPMS Wireless Transmission Auto Security Temperature Alarm System,25.54,https://imgaz.staticbg.com/thumb/view/oaupload/banggood/images/E3/55/0a114432-d25c-4b1f-b33c-84ab46938109.jpg.webp,https://www.banggood.com/4-Wheel-USB-Android-Car-Tire-Pressure-Alarm-System-433_92MHz-TPMS-Wireless-Transmission-Auto-Security-Temperature-Alarm-System-p-2035654.html?rmmds=AutomobilesFlashDeals&cur_warehouse=CN&ID=534310,Automobiles and Motorcycles,4.5,112,In Stock
HTRC 6V 12V 24V 10A-30A Smart Repair Battery Maintainer Charger P30 Charging Charger for Car Motorcycle Boat Lead-Acid AGM Lithium LiFePo4 Battery,66.57,https://imgaz1.staticbg.com/thumb/view/oaupload/banggood/images/4B/BF/18d22317-524b-4712-8b4d-2abc41539415.jpg.webp,https://www.banggood.com/HTRC-6V-12V-24V-10A-30A-Smart-Repair-Battery-Maintainer-Charger-P30-Charging-Charger-for-Car-Motorcycle-Boat-Lead-Acid-AGM-Lithium-LiFePo4-Battery-p-2013219.html?rmmds=AutomobilesFlashDeals&cur_warehouse=CN&ID=47758,Automobiles and Motorcycles,4.8,170,In Stock
"9"" 2 Din 1+16G Android 8 Car Stereo Radio IPS 2.5D Touch Screen MP5 Player GPS WIFI FM",56.51,https://imgaz3.staticbg.com/thumb/view/oaupload/banggood/images/03/62/b5dca504-fc34-45fa-bb97-2432c80a2231.jpg.webp,https://www.banggood.com/9-inch-2-Din-1+16G-Android-8-Car-Stereo-Radio-IPS-2_5D-Touch-Screen-MP5-Player-GPS-WIFI-FM-p-2009508.html?rmmds=AutomobilesFlashDeals&cur_warehouse=CN&ID=5582556325927,Automobiles and Motorcycles,4.7,161,In Stock
75mm/90mm 1m Heater Duct Hose Hot Cold Air Heater Ducting Aluminum Foil For Webasto Eberspacher Air Diesel Parking Heater,6.96,https://imgaz3.staticbg.com/thumb/view/oaupload/banggood/images/FA/54/1445d410-24dd-4bdd-8b04-6e8a83aaffe2.jpg.webp,https://www.banggood.com/75mm-or-90mm-1m-Heater-Duct-Hose-Hot-Cold-Air-Heater-Ducting-Aluminum-Foil-For-Webasto-Eberspacher-Air-Diesel-Parking-Heater-p-2042552.html?rmmds=AutomobilesFlashDeals&cur_warehouse=CN&ID=6310924,Automobiles and Motorcycles,4.6,458,In Stock
Premium Foldable Car Boot Organiser Large Capacity Oxford Fabric Non Slip Design Collapsible Storage Bag with Multiple Compartments Water Repellent,38.7,https://imgaz2.staticbg.com/thumb/view/oaupload/banggood/images/39/E0/5972bf30-e702-4fcc-8634-39fb05062009.jpg.webp,https://www.banggood.com/Premium-Foldable-Car-Boot-Organiser-Large-Capacity-Oxford-Fabric-Non-Slip-Design-Collapsible-Storage-Bag-with-Multiple-Compartments-Water-Repellent-p-2039934.html?rmmds=AutomobilesFlashDeals&cur_warehouse=CN&ID=224,Automobiles and Motorcycles,4.9,124,In Stock
3-IN-1 Wireless Android14 Carplay Android Auto Adapter Upgrade Plug&Play For Youtube Netflix Dongle Wireless Car AI TV BOX,28.64,https://imgaz1.staticbg.com/thumb/view/oaupload/banggood/images/03/96/6995fc11-cf9f-401a-9259-28bcb21e19a3.jpg.webp,https://www.banggood.com/3-IN-1-Wireless-Android14-Carplay-Android-Auto-Adapter-Upgrade-PlugandPlay-For-Youtube-Netflix-Dongle-Wireless-Car-AI-TV-BOX-p-2037358.html?rmmds=AutomobilesFlashDeals&cur_warehouse=CN&ID=6325244,Automobiles and Motorcycles,3.5,135,In Stock
Car Motorcycle Van 0-200Psi Digital LCD Tyre Tire Air Pump Pressure Gauge Tester,13.15,https://imgaz1.staticbg.com/thumb/view/oaupload/banggood/images/DC/54/5b003ee8-f2cb-423d-8f38-dce9af57c1cf.jpg.webp,https://www.banggood.com/Car-Motorcycle-Van-0-200Psi-Digital-LCD-Tyre-Tire-Air-Pump-Pressure-Gauge-Tester-p-1978928.html?rmmds=AutomobilesFlashDeals&cur_warehouse=CN&ID=0,Automobiles and Motorcycles,3.7,113,In Stock
Exhaust Hose Length 300mm Diameter 60mm Stainless Steel / Muffler For Air Diesel Auxiliary Heater,9.28,https://imgaz3.staticbg.com/thumb/view/oaupload/banggood/images/08/2D/7b72d829-6561-4c2f-aaf7-70470b79e267.jpeg.webp,https://www.banggood.com/Exhaust-Hose-Length-300mm-Diameter-60mm-Stainless-Steel-or-Muffler-For-Air-Diesel-Auxiliary-Heater-p-2042934.html?rmmds=AutomobilesFlashDeals&cur_warehouse=CN&ID=6301877,Automobiles and Motorcycles,5.0,302,In Stock
iMars 7023B 7 Inch 2 DIN Car MP5 Player Stereo Radio FM USB AUX HD bluetooth Touch Screen Support Rear Camera,25.54,https://imgaz.staticbg.com/thumb/view/oaupload/banggood/images/E6/09/5f830cfb-0b7b-4b44-99c2-4861777e81e2.png.webp,https://www.banggood.com/IMars-7023B-7-Inch-2-DIN-Car-MP5-Player-Stereo-Radio-FM-USB-AUX-HD-bluetooth-Touch-Screen-Support-Rear-Camera-p-1989826.html?rmmds=AutomobilesFlashDeals&cur_warehouse=CN&ID=0,Automobiles and Motorcycles,3.6,67,In Stock
High-Quality Portable Car Heater Fan  Fast  Efficient  Reliable - Perfect for Tech-Savvy Car Owners,12.38,https://imgaz2.staticbg.com/thumb/view/oaupload/banggood/images/CE/09/159569c5-fe59-42dd-b553-94a9ca11dc87.jpg.webp,https://www.banggood.com/High-Quality-Portable-Car-Heater-Fan-Fast-Efficient-Reliable-Perfect-for-Tech-Savvy-Car-Owners-p-2040547.html?rmmds=AutomobilesFlashDeals&cur_warehouse=CN&ID=6287830,Automobiles and Motorcycles,3.3,372,In Stock
"150,000 RPM Multifunctional Mini Turbo Blower 5 Speed Gear LED Display Air Blower Handheld Car Fan Air Duster with Light",32.35,https://imgaz.staticbg.com/thumb/view/oaupload/banggood/images/80/A9/766b317b-ba9c-4a55-abbb-94790da9fcb7.jpg.webp,"https://www.banggood.com/150,000-RPM-Multifunctional-Mini-Turbo-Blower-5-Speed-Gear-LED-Display-Air-Blower-Handheld-Car-Fan-Air-Duster-with-Light-p-2032517.html?rmmds=AutomobilesFlashDeals&cur_warehouse=CN&ID=6287830",Automobiles and Motorcycles,3.9,14,In Stock
200W High Power Car Inverter Charger 12V To 110V 220V Multi-Function Converter Type-C Mobile Phone Fast Charging with Eight Output Port,10.06,https://imgaz2.staticbg.com/thumb/view/oaupload/banggood/images/09/9E/08578a72-6c0a-4b58-a44a-c10283de4f9d.jpg.webp,https://www.banggood.com/200W-High-Power-Car-Inverter-Charger-12V-To-110V-220V-Multi-Function-Converter-Type-C-Mobile-Phone-Fast-Charging-with-Eight-Output-Port-p-2017628.html?rmmds=AutomobilesFlashDeals&cur_warehouse=CN&ID=554483,Automobiles and Motorcycles,3.5,473,In Stock
12V-24V 60W Triple USB Car Charger Socket PD3.0 & Dual QC3.0 with Touch Switch Fast Charge Adapter Bus Trailer Boats,5.1,https://imgaz3.staticbg.com/thumb/view/oaupload/banggood/images/32/3F/0205bad5-af8e-4864-b6a9-56f914131c26.jpg.webp,https://www.banggood.com/12V-24V-60W-Triple-USB-Car-Charger-Socket-PD3_0-and-Dual-QC3_0-with-Touch-Switch-Fast-Charge-Adapter-Bus-Trailer-Boats-p-1977398.html?rmmds=AutomobilesFlashDeals&cur_warehouse=CN&ID=6283720,Automobiles and Motorcycles,3.1,73,In Stock
JDiag T300 OBD2 Scanner 2.8 Inch TFT Screen OBDII Multi-function Vehicles Automatic Vehicle Year Recognition Data Stream Recording,27.86,https://imgaz1.staticbg.com/thumb/view/oaupload/banggood/images/6A/A9/f111a925-2c54-41d7-b18a-0c754163afcd.jpg.webp,https://www.banggood.com/JDiag-T300-OBD2-Scanner-2_8-Inch-TFT-Screen-OBDII-Multi-function-Vehicles-Automatic-Vehicle-Year-Recognition-Data-Stream-Recording-p-2043627.html?rmmds=AutomobilesFlashDeals&cur_warehouse=CN&ID=224,Automobiles and Motorcycles,4.2,403,In Stock
Mobile Phone Holder Navigation Specific Car Support Mount Multi Functional Advanced Anti Slip Car Dashboard Phone Stand,10.83,https://imgaz1.staticbg.com/thumb/view/oaupload/banggood/images/9E/31/531871b5-ef32-4360-a294-2c7310d0ce14.jpg.webp,https://www.banggood.com/Mobile-Phone-Holder-Navigation-Specific-Car-Support-Mount-Multi-Functional-Advanced-Anti-Slip-Car-Dashboard-Phone-Stand-p-2039276.html?rmmds=AutomobilesFlashDeals&cur_warehouse=CN&ID=6287830,Automobiles and Motorcycles,3.0,90,In Stock
Heated Seat Cushion Office USB Winter Warmer Temperature Adjustable Graphene 5V Electric Chair Pad Electric Heating Cushion Pad Chair Winter Warming 3 Layer Blanket,19.35,https://imgaz2.staticbg.com/thumb/view/oaupload/banggood/images/91/3F/83e4d659-c2db-4fbb-b00b-807bd282c84e.jpg.webp,https://www.banggood.com/Heated-Seat-Cushion-Office-USB-Winter-Warmer-Temperature-Adjustable-Graphene-5V-Electric-Chair-Pad-Electric-Heating-Cushion-Pad-Chair-Winter-Warming-3-Layer-Blanket-p-2023732.html?rmmds=AutomobilesFlashDeals&cur_warehouse=CN&ID=6287830,Automobiles and Motorcycles,3.7,317,In Stock
Car Seat Heater Cushion 12V24V Winter Front Single Seat Heating Pad Car Electric Heating Mat Seat Mat Heating Vest Heated Car Seat Cushion for Winter,22.44,https://imgaz3.staticbg.com/thumb/view/oaupload/banggood/images/EE/5D/8e53a4a7-204f-40c1-8301-d0119cc5a95a.jpg.webp,https://www.banggood.com/Car-Seat-Heater-Cushion-12V24V-Winter-Front-Single-Seat-Heating-Pad-Car-Electric-Heating-Mat-Seat-Mat-Heating-Vest-Heated-Car-Seat-Cushion-for-Winter-p-2023743.html?rmmds=AutomobilesFlashDeals&cur_warehouse=CN&ID=6287830,Automobiles and Motorcycles,3.3,286,In Stock
Violent Turbo Fan Brushless Electric Motor Vacuum Cleaner 4500Kpa 100000RPM Multi-Function Blowing Suction Handheld Portable,22.44,https://imgaz1.staticbg.com/thumb/view/oaupload/banggood/images/CE/72/3f2177c7-8a10-4bbb-bf49-8b8d6ca15aa7.jpg.webp,https://www.banggood.com/Violent-Turbo-Fan-Brushless-Electric-Motor-Vacuum-Cleaner-4500Kpa-100000RPM-Multi-Function-Blowing-Suction-Handheld-Portable-p-2041620.html?rmmds=AutomobilesFlashDeals&cur_warehouse=CN&ID=6287830,Automobiles and Motorcycles,3.1,441,In Stock
AULA F75 80 Keys Tri-mode Customized Mechanical Gaming Keyboard Hot Swappable RGB BT/2.4G/Type-C 75% Layout Wireless Gaming Keyboard Gasket Structure,46.44,https://imgaz3.staticbg.com/thumb/view/oaupload/banggood/images/F3/55/bf1280dd-6b1b-4724-a7fd-264754e1c3b3.jpg.webp,https://www.banggood.com/AULA-F75-80-Keys-Tri-mode-Customized-Mechanical-Gaming-Keyboard-Hot-Swappable-RGB-BT-or-2_4G-or-Type-C-75-pencent-Layout-Wireless-Gaming-Keyboard-Gasket-Structure-p-2040415.html?rmmds=ComputersFlashDeals&cur_warehouse=CN&ID=62878326325805,Computers and Office,4.4,9,In Stock
BlitzWolf® BW-TF1 Class 10 UHS-1 32GB UHS-3 V30 64GB 128GB Micro SD TF Memory Card with Adapter,6.96,https://imgaz2.staticbg.com/thumb/view/oaupload/banggood/images/70/58/e966a6ec-c9f9-43fe-9db2-95d63c049c72.jpg.webp,https://www.banggood.com/BlitzWolf-BW-TF1-Class-10-UHS-1-32GB-UHS-3-V30-64GB-128GB-Micro-SD-TF-Memory-Card-with-Adapter-p-1490559.html?rmmds=ComputersFlashDeals&cur_warehouse=CN&ID=43653,Computers and Office,4.8,168,In Stock
UGREEN CM841 for Mac Mini 11-in-1 Docking Station with M.2 NVMe SSD Slot 10Gbps USB-A Hub 3.5MM SD TF Card Reader Expansion Hub,41.8,https://imgaz.staticbg.com/thumb/view/oaupload/banggood/images/BA/D6/474f31b3-7a03-4766-9d19-8e4649744298.jpg.webp,https://www.banggood.com/UGREEN-CM841-for-Mac-Mini-11-in-1-Docking-Station-with-M_2-NVMe-SSD-Slot-10Gbps-USB-A-Hub-3_5MM-SD-TF-Card-Reader-Expansion-Hub-p-2039330.html?rmmds=ComputersFlashDeals&cur_warehouse=CN&ID=6321928,Computers and Office,3.4,473,In Stock
Salange P92MAX Smart Projector Android 13 Netflix Officially Licensed 12000 Lumens 1080P Native Auto Focus Keystone WiFi 6 Bluetooth 5.2 4K Supported Smart Home Cinema,95.59,https://imgaz.staticbg.com/thumb/view/oaupload/banggood/images/3D/A7/f4e4b59a-2c86-4c6e-964d-20d102552b41.jpg.webp,https://www.banggood.com/Salange-P92MAX-Smart-Projector-Android-13-Netflix-Officially-Licensed-12000-Lumens-1080P-Native-Auto-Focus-Keystone-WiFi-6-Bluetooth-5_2-4K-Supported-Smart-Home-Cinema-p-2035209.html?rmmds=ComputersFlashDeals&cur_warehouse=CN&ID=47758,Computers and Office,4.1,219,In Stock
MCHOSE Jet 75 Hall Effect Magnetic Switch Mechanical Keyboard 80 keys RGB Gasket Structure 8K Polling Rate 0.1ms Ultra-Low Latency Wired Custom Gaming Keyboard,53.41,https://imgaz1.staticbg.com/thumb/view/oaupload/banggood/images/5A/42/97e1290f-3332-4a5b-b189-31797d3a3206.jpg.webp,https://www.banggood.com/MCHOSE-Jet-75-Hall-Effect-Magnetic-Switch-Mechanical-Keyboard-80-keys-RGB-Gasket-Structure-8K-Polling-Rate-0_1ms-Ultra-Low-Latency-Wired-Custom-Gaming-Keyboard-p-2030753.html?rmmds=ComputersFlashDeals&cur_warehouse=CN&ID=62878456331404,Computers and Office,3.0,46,In Stock
BlitzWolf® BW-VF3 Projector Stand Tripod Stable 360° Adjustment Aluminum Alloy Weight Capacity 10KG Portable For Outside Outdoor Movie Universal Projector Mount Compatible for Most Projector V3 V4 V5 V7 etc,13.93,https://imgaz1.staticbg.com/thumb/view/oaupload/banggood/images/02/13/688b0085-a658-4830-8f60-e732e1bc4e47.jpg.webp,https://www.banggood.com/BlitzWolf-BW-VF3-Projector-Stand-Tripod-Stable-360-Adjustment-Aluminum-Alloy-Weight-Capacity-10KG-Portable-For-Outside-Outdoor-Movie-Universal-Projector-Mount-Compatible-for-Most-Projector-V3-V4-V5-V7-etc-p-1992957.html?rmmds=ComputersFlashDeals&cur_warehouse=CN&ID=0,Computers and Office,4.5,253,In Stock
Lenovo Thinkplus Class10 High Speed TF Memory Card 256GB/128GB/64GB 100MB/s Micro SD Card Flash Card Smart Card for Phone Camera Driving Recorder,6.19,https://imgaz2.staticbg.com/thumb/view/oaupload/banggood/images/B7/EA/fa46f61e-b37f-4288-bb55-5421948459d3.jpg.webp,https://www.banggood.com/Lenovo-Thinkplus-Class10-High-Speed-TF-Memory-Card-256GB-or-128GB-or-64GB-100MB-or-s-Micro-SD-Card-Flash-Card-Smart-Card-for-Phone-Camera-Driving-Recorder-p-2026256.html?rmmds=ComputersFlashDeals&cur_warehouse=CN&ID=514256,Computers and Office,4.2,282,In Stock
AULA F75 80 Keys Tri-mode Customized Mechanical Gaming Keyboard Hot Swappable RGB BT/2.4G/Type-C Wired 75% Layout Gaming Keyboard Gasket Structure,47.22,https://imgaz.staticbg.com/thumb/view/oaupload/banggood/images/63/6A/4c06709f-3c27-4680-b4db-0924fb0b36c3.jpg.webp,https://www.banggood.com/AULA-F75-80-Keys-Tri-mode-Customized-Mechanical-Gaming-Keyboard-Hot-Swappable-RGB-BT-or-2_4G-or-Type-C-Wired-75-pencent-Layout-Gaming-Keyboard-Gasket-Structure-p-2009584.html?rmmds=ComputersFlashDeals&cur_warehouse=CN&ID=62878326325805,Computers and Office,4.7,23,In Stock
BlitzWolf® BW-TF4 Class 10 A2 V60 UHS-1 TF Memory Card 64GB 128GB 256GB 512GB Micro SD Card Read Speeds Up to 180MB/s Supports 4K UHD Video Recording,9.28,https://imgaz.staticbg.com/thumb/view/oaupload/banggood/images/F8/2C/66296927-f442-4185-9f7c-a623fc7dd6e4.jpg.webp,https://www.banggood.com/BlitzWolf-BW-TF4-Class-10-A2-V60-UHS-1-TF-Memory-Card-64GB-128GB-256GB-512GB-Micro-SD-Card-Read-Speeds-Up-to-180MB-or-s-Supports-4K-UHD-Video-Recording-p-2041161.html?rmmds=ComputersFlashDeals&cur_warehouse=CN&ID=514256,Computers and Office,3.8,25,In Stock
Bakeey PB-C7366 8-in-1 USB-C Hub Docking Station Adapter With 4K HDMI HD Display / 87W USB-C PD3.0 Power Delivery / USB-C Data Transmission / 2 * USB 3.0 / RJ45 Ethernet / Memory Card Readers,8.51,https://imgaz2.staticbg.com/thumb/view/oaupload/banggood/images/01/7D/f4864269-2356-4651-8e06-3d6bee867ddc.jpg.webp,https://www.banggood.com/Bakeey-PB-C7366-8-in-1-USB-C-Hub-Docking-Station-Adapter-With-4K-HDMI-HD-Display-or-87W-USB-C-PD3_0-Power-Delivery-or-USB-C-Data-Transmission-or-2-+-USB-3_0-or-RJ45-Ethernet-or-Memory-Card-Readers-p-1705441.html?rmmds=ComputersFlashDeals&cur_warehouse=CN&ID=0,Computers and Office,3.6,193,In Stock
BlitzWolf® BW-CML2 RGB Gaming Monitor Light Bar Dual Light Source 300-1000Lux Adjustable Cool/Mix/Warm Light Color Temperature Eye Protection Anti-Glare USB e-Reading Light Touch Control for Home Office PC Computer,16.25,https://imgaz3.staticbg.com/thumb/view/oaupload/banggood/images/2F/9D/81b01679-a62d-4b47-a090-e5bfb0c489fb.jpg.webp,https://www.banggood.com/BlitzWolf-BW-CML2-RGB-Gaming-Monitor-Light-Bar-Dual-Light-Source-300-1000Lux-Adjustable-Cool-or-Mix-or-Warm-Light-Color-Temperature-Eye-Protection-Anti-Glare-USB-e-Reading-Light-Touch-Control-for-Home-Office-PC-Computer-p-1874092.html?rmmds=ComputersFlashDeals&cur_warehouse=CN&ID=6329378,Computers and Office,3.5,296,In Stock
Baseus BS-OH194 M.2 NVMe SSD Enclosure Case 10Gbps M.2 to USB Type-C 3.2 Gen2 Metal External Adapter SSD Case,14.7,https://imgaz.staticbg.com/thumb/view/oaupload/banggood/images/F0/50/b876d901-15d4-4a47-be1d-118a23144492.jpg.webp,https://www.banggood.com/Baseus-BS-OH194-M_2-NVMe-SSD-Enclosure-Case-10Gbps-M_2-to-USB-Type-C-3_2-Gen2-Metal-External-Adapter-SSD-Case-p-2016666.html?rmmds=ComputersFlashDeals&cur_warehouse=CN&ID=0,Computers and Office,4.4,223,In Stock
MAIWO K35274D 4 Bay RAID External Hard Drive Enclosure with HD Port 3.5'' Type-C to SATA HDD SSD Enclosure Support 7 RAID Mode,89.8,https://imgaz1.staticbg.com/thumb/view/oaupload/banggood/images/87/72/b5f99f99-bcef-4e8c-8833-102023a6bafd.jpg.webp,https://www.banggood.com/MAIWO-K35274D-4-Bay-RAID-External-Hard-Drive-Enclosure-with-HD-Port-3_5-Type-C-to-SATA-HDD-SSD-Enclosure-Support-7-RAID-Mode-p-2029040.html?rmmds=ComputersFlashDeals&cur_warehouse=CN&ID=6287830,Computers and Office,3.1,254,In Stock
Abbree CS Tactical Antenna SMA Female Dual Band 144/430Mhz Foldable Walkie Talkie for Baofeng UV 5R 13 Pro 888S Quansheng UV K5,7.73,https://imgaz.staticbg.com/thumb/view/oaupload/banggood/images/6A/98/dfce147e-5214-41e6-8263-a06f33bffedd.jpg.webp,https://www.banggood.com/Abbree-CS-Tactical-Antenna-SMA-Female-Dual-Band-144-or-430Mhz-Foldable-Walkie-Talkie-for-Baofeng-UV-5R-13-Pro-888S-Quansheng-UV-K5-p-2027677.html?rmmds=ComputersFlashDeals&cur_warehouse=CN&ID=0,Computers and Office,4.9,283,In Stock
HXSJ T90 2.4G Triple Mode Wireless Mouse 800-3600DPI Adjustable RGB Backlight 750mAh Type-C Rechargeable Gamer Mouse,10.06,https://imgaz2.staticbg.com/thumb/view/oaupload/banggood/images/C1/A1/efd4647a-618d-401f-9286-98169198c421.jpg.webp,https://www.banggood.com/HXSJ-T90-2_4G-Triple-Mode-Wireless-Mouse-800-3600DPI-Adjustable-RGB-Backlight-750mAh-Type-C-Rechargeable-Gamer-Mouse-p-1988878.html?rmmds=ComputersFlashDeals&cur_warehouse=CN&ID=6323085,Computers and Office,3.3,356,In Stock
HXSJ T38 Dual-Mode Wireless Gaming Mouse RGB Lighting Silent Click 6 Buttons Adjustable DPI PAW3065 Sensor Type-C Rechargeable Mice for PC Laptop Computer,8.51,https://imgaz1.staticbg.com/thumb/view/oaupload/banggood/images/36/67/5bece070-796c-48ff-ac1a-8838f7360c3e.jpg.webp,https://www.banggood.com/HXSJ-T38-Dual-Mode-Wireless-Gaming-Mouse-RGB-Lighting-Silent-Click-6-Buttons-Adjustable-DPI-PAW3065-Sensor-Type-C-Rechargeable-Mice-for-PC-Laptop-Computer-p-2034557.html?rmmds=ComputersFlashDeals&cur_warehouse=CN&ID=6287830,Computers and Office,4.8,437,In Stock
MAIWO Dual Bay 3.5-inch HDD Disk Array Hard Drive Box RAID Array Box SATA To USB 3.0 Disk External Box Four RAID Modes with Fan,44.12,https://imgaz1.staticbg.com/thumb/view/oaupload/banggood/images/23/E2/e7e6e281-dde9-4062-8d3c-c367ac9440f2.jpg.webp,https://www.banggood.com/MAIWO-Dual-Bay-3_5-inch-HDD-Disk-Array-Hard-Drive-Box-RAID-Array-Box-SATA-To-USB-3_0-Disk-External-Box-Four-RAID-Modes-with-Fan-p-2031666.html?rmmds=ComputersFlashDeals&cur_warehouse=CN&ID=47184,Computers and Office,4.9,375,In Stock
Lenovo Thinkplus BU100 Type-C & USB3.2 Flash Drive 512GB/256GB/128GB/64GB High Speed Pendrive 360° Rotary Mobile U Disk,8.51,https://imgaz3.staticbg.com/thumb/view/oaupload/banggood/images/59/30/fd921df1-41f1-4bf4-81dc-329e0273232b.jpg.webp,https://www.banggood.com/Lenovo-Thinkplus-BU100-Type-C-and-USB3_2-Flash-Drive-512GB-or-256GB-or-128GB-or-64GB-High-Speed-Pendrive-360-Rotary-Mobile-U-Disk-p-2029082.html?rmmds=ComputersFlashDeals&cur_warehouse=CN&ID=514256,Computers and Office,3.2,185,In Stock
Microdrive Class 10 High Speed TF Memory Card 32GB 64GB 128GB 256GB Micro SD Card Flash Card Smart Card for Phone Camera Monitor Driving Recorder,5.41,https://imgaz.staticbg.com/thumb/view/oaupload/banggood/images/D9/22/c0f09d4b-a5a9-4ec8-9ca0-3399baa5ac04.jpg.webp,https://www.banggood.com/Microdrive-Class-10-High-Speed-TF-Memory-Card-32GB-64GB-128GB-256GB-Micro-SD-Card-Flash-Card-Smart-Card-for-Phone-Camera-Monitor-Driving-Recorder-p-1984034.html?rmmds=ComputersFlashDeals&cur_warehouse=CN&ID=43653,Computers and Office,4.8,377,In Stock
Aula F99 Mechanical Gaming Keyboard 99 Keys Tri-mode Hot Swappable PBT Two-Color Keycap BT/2.4G/Type-C Gasket RGB Customized Keyboards,82.05,https://imgaz.staticbg.com/thumb/view/oaupload/banggood/images/F1/11/0876b11e-f45b-4ce6-83bb-91bd8ca4db3b.jpg.webp,https://www.banggood.com/Aula-F99-Mechanical-Gaming-Keyboard-99-Keys-Tri-mode-Hot-Swappable-PBT-Two-Color-Keycap-BT-or-2_4G-or-Type-C-Gasket-RGB-Customized-Keyboards-p-2013521.html?rmmds=ComputersFlashDeals&cur_warehouse=CN&ID=62878516325805,Computers and Office,4.8,42,In Stock
JOMAA Tri-mode Touch Control Panel Gesture Trackpad with Multi Touch Control and Vibration Feedback Compatible with Windows& forMac System,38.7,https://imgaz2.staticbg.com/thumb/view/oaupload/banggood/images/FE/E5/c902fbf9-84ee-4295-becb-48be5397e7fa.jpg.webp,https://www.banggood.com/JOMAA-Tri-mode-Touch-Control-Panel-Gesture-Trackpad-with-Multi-Touch-Control-and-Vibration-Feedback-Compatible-with-Windowsand-forMac-System-p-2041479.html?rmmds=ComputersFlashDeals&cur_warehouse=CN&ID=6287830,Computers and Office,4.8,494,In Stock
GAMAKAY TK101 Tri-mode Custom Mechanical Keyboard 101 Keys Hot Swappable RGB Gasket-mount 2.4G/bluetooth/Wired Gaming Keyboards,46.44,https://imgaz2.staticbg.com/thumb/view/oaupload/banggood/images/DB/32/ea635b08-5d0b-4007-bcaf-48978b31ffee.jpg.webp,https://www.banggood.com/GAMAKAY-TK101-Tri-mode-Custom-Mechanical-Keyboard-101-Keys-Hot-Swappable-RGB-Gasket-mount-2_4G-or-bluetooth-or-Wired-Gaming-Keyboards-p-2030748.html?rmmds=ComputersFlashDeals&cur_warehouse=CN&ID=62878456331801,Computers and Office,4.3,443,In Stock
Lenovo ThinkPlus MU252 Type-C & USB3.1 Flash Drive 32G 64G 128G 256G Metal Interface Waterproof Heat Resistance 360° Rotation Fast Data Transmission Portable Memory U Disk,7.73,https://imgaz.staticbg.com/thumb/view/oaupload/banggood/images/EE/1A/8893df3b-72b6-4319-8c8c-e75d69f8ecc0.jpg.webp,https://www.banggood.com/Lenovo-ThinkPlus-MU252-Type-C-and-USB3_1-Flash-Drive-32G-64G-128G-256G-Metal-Interface-Waterproof-Heat-Resistance-360-Rotation-Fast-Data-Transmission-Portable-Memory-U-Disk-p-2029913.html?rmmds=ComputersFlashDeals&cur_warehouse=CN&ID=43653,Computers and Office,4.9,139,In Stock
Vertical Docking Station for Mac Mini M4/M4 Pro With M.2 NVMe SSD Hard Drive Case SD/TF Port Expansion Stand HUB for Mac Mini M4,41.8,https://imgaz1.staticbg.com/thumb/view/oaupload/banggood/images/3A/F0/8b39a939-d33e-4d95-8a2a-2f9bb8f97be3.jpg.webp,https://www.banggood.com/Vertical-Docking-Station-for-Mac-Mini-M4-or-M4-Pro-With-M_2-NVMe-SSD-Hard-Drive-Case-SD-or-TF-Port-Expansion-Stand-HUB-for-Mac-Mini-M4-p-2039156.html?rmmds=ComputersFlashDeals&cur_warehouse=CN&ID=6157198,Computers and Office,3.5,198,In Stock
HONGDUI Hooked On Wood HD30 Bench Dog Set 20mm Woodworking MFT System Bench Dog Hole Clamps for MFT Tables DIY Projects,12.38,https://imgaz3.staticbg.com/thumb/view/oaupload/banggood/images/09/6D/bc34d783-a20d-4acd-ae68-e955ba4e8de6.jpg.webp,https://www.banggood.com/HONGDUI-Hooked-On-Wood-HD30-Bench-Dog-Set-20mm-Woodworking-MFT-System-Bench-Dog-Hole-Clamps-for-MFT-Tables-DIY-Projects-p-2030465.html?rmmds=ToolsFlashDeals&cur_warehouse=CN&ID=6332502,"Tools, Industrial and Scientific",4.6,116,In Stock
Jakemy JM-Y10 PRO Ultrasonic Cutter and Polisher 35W 40kHz Precision Cutting Dual Function Safety Design for Metal Wood Plastic Crafts,56.51,https://imgaz.staticbg.com/thumb/view/oaupload/banggood/images/92/6C/81d17fcd-185c-4c27-a7d7-c244d5c37771.jpg.webp,https://www.banggood.com/Jakemy-JM-Y10-PRO-Ultrasonic-Cutter-and-Polisher-35W-40kHz-Precision-Cutting-Dual-Function-Safety-Design-for-Metal-Wood-Plastic-Crafts-p-2038323.html?rmmds=ToolsFlashDeals&cur_warehouse=CN&ID=6287830,"Tools, Industrial and Scientific",5.0,104,In Stock
ENJOYWOOD Trimming Router Base Trimming Machine Workbench Base Adjustable Slider Aluminum Alloy 65mm to 132mm Compatibility,20.89,https://imgaz2.staticbg.com/thumb/view/oaupload/banggood/images/7F/F8/417af3f7-3740-4f50-9233-9ae8dff6c32e.jpg.webp,https://www.banggood.com/ENJOYWOOD-Trimming-Router-Base-Trimming-Machine-Workbench-Base-Adjustable-Slider-Aluminum-Alloy-65mm-to-132mm-Compatibility-p-2024655.html?rmmds=ToolsFlashDeals&cur_warehouse=CN&ID=6287842,"Tools, Industrial and Scientific",3.8,479,In Stock
ENJOYWOOD 2PCS/4PCS Alloy Steel Upgrade Quick Ratchet Track Saw Guide Rail Clamp MFT Clamp for MFT Table and Guide Rail System Woodworking Clamp,21.67,https://imgaz.staticbg.com/thumb/view/oaupload/banggood/images/1F/AF/c3a77db0-1883-4c8b-9130-41d22801b0ef.jpg.webp,https://www.banggood.com/ENJOYWOOD-2PCS-or-4PCS-Alloy-Steel-Upgrade-Quick-Ratchet-Track-Saw-Guide-Rail-Clamp-MFT-Clamp-for-MFT-Table-and-Guide-Rail-System-Woodworking-Clamp-p-1894619.html?rmmds=ToolsFlashDeals&cur_warehouse=CN&ID=6317948,"Tools, Industrial and Scientific",3.8,85,In Stock
"DRILLPRO P30 Turbo Fan 130,000RPM 300g Peak Wind Pressure with 5000mAh Battery Various Nozzle Combinations Portable 29mm Brushless Motor High Performance",14.7,https://imgaz1.staticbg.com/thumb/view/oaupload/banggood/images/77/05/3d96b452-483c-4674-9b18-40dfc4b9b0fa.jpg.webp,"https://www.banggood.com/DRILLPRO-P30-Turbo-Fan-130,000RPM-300g-Peak-Wind-Pressure-with-5000mAh-Battery-Various-Nozzle-Combinations-Portable-29mm-Brushless-Motor-High-Performance-p-2029958.html?rmmds=ToolsFlashDeals&cur_warehouse=CN&ID=6329932","Tools, Industrial and Scientific",4.1,413,In Stock
HONGDUI Hooked On Wood HD30-WZ06 MFT Stop For Woodworking Bench Dog MFT System,51.86,https://imgaz3.staticbg.com/thumb/view/oaupload/banggood/images/B6/BB/d845afc4-ae54-4969-a833-11ad186d90dc.jpg.webp,https://www.banggood.com/HONGDUI-Hooked-On-Wood-HD30-WZ06-MFT-Stop-For-Woodworking-Bench-Dog-MFT-System-p-2035436.html?rmmds=ToolsFlashDeals&cur_warehouse=CN&ID=6301877,"Tools, Industrial and Scientific",3.9,172,In Stock
HONGDUI Hooked On Wood HD30-WL02 Fence Dog Set Woodworking Bench Dog MFT System Bench Dog,25.54,https://imgaz1.staticbg.com/thumb/view/oaupload/banggood/images/E2/1C/10bf19ef-a414-4579-9028-83a019fd90ac.jpeg.webp,https://www.banggood.com/HONGDUI-Hooked-On-Wood-HD30-WL02-Fence-Dog-Set-Woodworking-Bench-Dog-MFT-System-Bench-Dog-p-2035430.html?rmmds=ToolsFlashDeals&cur_warehouse=CN&ID=6317949,"Tools, Industrial and Scientific",4.6,36,In Stock
HONGDUI Woodworking Planing Stop 19 or 20mm Dog Hole Bench Dog Clamp Workbench Table Accessories,9.28,https://imgaz2.staticbg.com/thumb/view/oaupload/banggood/images/05/D7/5a060110-8d5d-41c2-af8a-1cfed7f3bd2d.png.webp,https://www.banggood.com/HONGDUI-Woodworking-Planing-Stop-19-or-20mm-Dog-Hole-Bench-Dog-Clamp-Workbench-Table-Accessories-p-1713210.html?rmmds=ToolsFlashDeals&cur_warehouse=CN&ID=6290119,"Tools, Industrial and Scientific",3.7,321,In Stock
ENJOYWOOD Signature Precision Square Right Angle Ruler 300mm Guaranteed T Speed Measurements Ruler for Measuring and Marking Woodworking Carpenters Aluminum Alloy Framing Professional Carpentry Use,12.38,https://imgaz3.staticbg.com/thumb/view/oaupload/banggood/images/FA/F3/57075c6a-de16-4401-bd01-b575b1f61ef4.jpeg.webp,https://www.banggood.com/ENJOYWOOD-Signature-Precision-Square-Right-Angle-Ruler-300mm-Guaranteed-T-Speed-Measurements-Ruler-for-Measuring-and-Marking-Woodworking-Carpenters-Aluminum-Alloy-Framing-Professional-Carpentry-Use-p-1862881.html?rmmds=ToolsFlashDeals&cur_warehouse=CN&ID=6298683,"Tools, Industrial and Scientific",4.7,165,In Stock
ENJOYWOOD Woodworking Chamfer Tool T10 Alloy Blade Stainless Steel 9mm Hex Shank for 19mm/20mm Dog Holes Polished Finish for Electric Drills,6.96,https://imgaz.staticbg.com/thumb/view/oaupload/banggood/images/2A/CF/ccdbf988-22bd-4518-b28e-69e587146464.png.webp,https://www.banggood.com/ENJOYWOOD-Woodworking-Chamfer-Tool-T10-Alloy-Blade-Stainless-Steel-9mm-Hex-Shank-for-19mm-or-20mm-Dog-Holes-Polished-Finish-for-Electric-Drills-p-2019914.html?rmmds=ToolsFlashDeals&cur_warehouse=CN&ID=6290119,"Tools, Industrial and Scientific",3.9,169,In Stock
HONGDUI Hooked On Wood HD38 TrueMark Ruler HD38V Adjustable TrueMark Ruler Hadfield Steel Woodworking Scriber,61.93,https://imgaz2.staticbg.com/thumb/view/oaupload/banggood/images/8C/4E/322c563f-7e00-447b-a7db-dda4e58803f2.jpg.webp,https://www.banggood.com/HONGDUI-Hooked-On-Wood-HD38-TrueMark-Ruler-HD38V-Adjustable-TrueMark-Ruler-Hadfield-Steel-Woodworking-Scriber-p-2043353.html?rmmds=ToolsFlashDeals&cur_warehouse=CN&ID=6289774,"Tools, Industrial and Scientific",4.2,253,In Stock
ENJOYWOOD One Way Bearing Roller Feeder Clear Cut Precision Stock Guides Featherboards Safety Feeding for Table Saw Router Table,17.8,https://imgaz.staticbg.com/thumb/view/oaupload/banggood/images/AF/BE/23f14e47-69c4-4a63-8b33-80f02b4f6708.jpg.webp,https://www.banggood.com/ENJOYWOOD-One-Way-Bearing-Roller-Feeder-Clear-Cut-Precision-Stock-Guides-Featherboards-Safety-Feeding-for-Table-Saw-Router-Table-p-2020038.html?rmmds=ToolsFlashDeals&cur_warehouse=CN&ID=6301877,"Tools, Industrial and Scientific",4.4,492,In Stock
Drillpro Machinist Square 90º Right Angle Engineer Carpenter Square with Seat Precision Ground Steel Hardened Angle Ruler,3.86,https://imgaz.staticbg.com/thumb/view/oaupload/banggood/images/77/FD/481ed7a0-78ed-48f2-9675-34c000bfbde6.jpg.webp,https://www.banggood.com/Drillpro-Machinist-Square-90-Right-Angle-Engineer-Carpenter-Square-with-Seat-Precision-Ground-Steel-Hardened-Angle-Ruler-p-1421084.html?rmmds=ToolsFlashDeals&cur_warehouse=CN&ID=6296757,"Tools, Industrial and Scientific",4.5,371,In Stock
For 65mm Trimming Machine 2 In 1 Slotted Bracket Invisible Fasteners Wardrobe Cupboard Panel Punch Locator Aluminum with Scale,10.06,https://imgaz3.staticbg.com/thumb/view/oaupload/banggood/images/1B/5C/1ad7c0f5-145d-419a-ac7f-c6cc95e1c848.jpg.webp,https://www.banggood.com/For-65mm-Trimming-Machine-2-In-1-Slotted-Bracket-Invisible-Fasteners-Wardrobe-Cupboard-Panel-Punch-Locator-Aluminum-with-Scale-p-1996465.html?rmmds=ToolsFlashDeals&cur_warehouse=CN&ID=6301877,"Tools, Industrial and Scientific",5.0,150,In Stock
AK45 Stereo Audio Amplifier 2.0 Channel Bluetooth FM Radio USB SD Card Input Bass Treble Control Compact Amplifier,20.89,https://imgaz1.staticbg.com/thumb/view/oaupload/banggood/images/24/6E/97d4ee16-203b-4f1b-bd25-e1ccb481785c.jpg.webp,https://www.banggood.com/AK45-Stereo-Audio-Amplifier-2_0-Channel-Bluetooth-FM-Radio-USB-SD-Card-Input-Bass-Treble-Control-Compact-Amplifier-p-2040393.html?rmmds=ToolsFlashDeals&cur_warehouse=CN&ID=47184,"Tools, Industrial and Scientific",4.3,118,In Stock
ENJOYWOOD Upgraded Multi-purpose Double Feather Board for Router Table Saws Miter Gauge Slot,13.15,https://imgaz.staticbg.com/thumb/view/oaupload/banggood/images/3C/0E/5b822d70-bc36-4c8f-a2e3-7460302d0cda.jpg.webp,https://www.banggood.com/ENJOYWOOD-Upgraded-Multi-purpose-Double-Feather-Board-for-Router-Table-Saws-Miter-Gauge-Slot-p-1520814.html?rmmds=ToolsFlashDeals&cur_warehouse=CN&ID=0,"Tools, Industrial and Scientific",4.1,7,In Stock
"X6 140,000RPM High-Speed Turbo Fan 6000mAh Peak Battery Dual-Function Vacuum Kit Infinite Speed Control 6.0V-8.4V Adjustable Current 3-4 Hours Charging",14.7,https://imgaz3.staticbg.com/thumb/view/oaupload/banggood/images/BD/08/9b107c2c-a0f2-430b-8599-70aeb3b10285.jpg.webp,"https://www.banggood.com/X6-140,000RPM-High-Speed-Turbo-Fan-6000mAh-Peak-Battery-Dual-Function-Vacuum-Kit-Infinite-Speed-Control-6_0V-8_4V-Adjustable-Current-3-4-Hours-Charging-p-2024648.html?rmmds=ToolsFlashDeals&cur_warehouse=CN&ID=6329932","Tools, Industrial and Scientific",4.0,76,In Stock
ENJOYWOOD Aluminum Alloy Track Saw Square Guide Rail Angle Stop Woodworking 90 Degree Right Angle Guide Plate Square Cutting Everytime for Makita / Festool,30.96,https://imgaz3.staticbg.com/thumb/view/oaupload/banggood/images/1C/2A/12878757-b74b-4957-83e9-0a0b791bcc3d.jpg.webp,https://www.banggood.com/ENJOYWOOD-Aluminum-Alloy-Track-Saw-Square-Guide-Rail-Angle-Stop-Woodworking-90-Degree-Right-Angle-Guide-Plate-Square-Cutting-Everytime-for-Makita-or-Festool-p-1937748.html?rmmds=ToolsFlashDeals&cur_warehouse=CN&ID=0,"Tools, Industrial and Scientific",3.9,170,In Stock
Wnew 2PCS/4PCS MFT Table Clamps Bench Dog Clamps Quick Ratchet Release Speed Squeeze Woodworking Clamp for Workbench 20mm Dog Hole,21.67,https://imgaz.staticbg.com/thumb/view/oaupload/banggood/images/1F/FF/90dac89e-2f35-4d02-a0aa-2c3e42d471b5.JPG.webp,https://www.banggood.com/Wnew-2PCS-or-4PCS-MFT-Table-Clamps-Bench-Dog-Clamps-Quick-Ratchet-Release-Speed-Squeeze-Woodworking-Clamp-for-Workbench-20mm-Dog-Hole-p-1454253.html?rmmds=ToolsFlashDeals&cur_warehouse=CN&ID=6317948,"Tools, Industrial and Scientific",4.1,130,In Stock
HONGDUI KM-17 Pro Router Plane Die Steel Body Adjustable Fence with CAM Lock Depth Stop Dual Blade 1/2inches width For Fine Tuning Joinery Cutting Grooves Creating Perfect Mortises,116.12,https://imgaz2.staticbg.com/thumb/view/oaupload/banggood/images/30/F5/6cbc3aca-c0f8-4548-8a4b-f4603e41181d.jpg.webp,https://www.banggood.com/HONGDUI-KM-17-Pro-Router-Plane-Die-Steel-Body-Adjustable-Fence-with-CAM-Lock-Depth-Stop-Dual-Blade-1-or-2inches-width-For-Fine-Tuning-Joinery-Cutting-Grooves-Creating-Perfect-Mortises-p-2003037.html?rmmds=ToolsFlashDeals&cur_warehouse=CN&ID=0,"Tools, Industrial and Scientific",3.9,469,In Stock
Woodworking Depth Gauge Versatile 0-50mm Dual Scale Precision Tool for Easy Router and Table Saw Setup,7.73,https://imgaz3.staticbg.com/thumb/view/oaupload/banggood/images/30/5E/dd9d4055-95c0-4d8b-b2d2-c1890a05bb77.jpg.webp,https://www.banggood.com/Woodworking-Depth-Gauge-Versatile-0-50mm-Dual-Scale-Precision-Tool-for-Easy-Router-and-Table-Saw-Setup-p-2011121.html?rmmds=ToolsFlashDeals&cur_warehouse=CN&ID=0,"Tools, Industrial and Scientific",3.2,416,In Stock
Universal AC to DC Adapter 48W Adjustable Voltage 3-24V 3A with LCD Display 14 Tips Polarity Converter Best for Household Electronics Top Rated Power Supply,7.73,https://imgaz.staticbg.com/thumb/view/oaupload/banggood/images/04/22/29ff2dd8-de9a-4163-87ca-5e676e70306a.jpg.webp,https://www.banggood.com/Universal-AC-to-DC-Adapter-48W-Adjustable-Voltage-3-24V-3A-with-LCD-Display-14-Tips-Polarity-Converter-Best-for-Household-Electronics-Top-Rated-Power-Supply-p-1996667.html?rmmds=ToolsFlashDeals&cur_warehouse=CN&ID=47184,"Tools, Industrial and Scientific",4.7,444,In Stock
Xiaomi AtuMan Q2 Portable Flexible Electronic Ruler Precise Measurement up to 99.9 Meters Versatile Surface and Diameter Application Convenient Data Storage and Type-C Charging,10.83,https://imgaz1.staticbg.com/thumb/view/oaupload/banggood/images/83/8E/a24c2f90-2510-485b-88ac-9f9e0b4c73c8.jpg.webp,https://www.banggood.com/Xiaomi-AtuMan-Q2-Portable-Flexible-Electronic-Ruler-Precise-Measurement-up-to-99_9-Meters-Versatile-Surface-and-Diameter-Application-Convenient-Data-Storage-and-Type-C-Charging-p-2015914.html?rmmds=ToolsFlashDeals&cur_warehouse=CN&ID=6304093,"Tools, Industrial and Scientific",3.5,145,In Stock
FNIRSI-1014D 7 Inch TFT LCD Display Screen 2 In 1 Dual Channel Input Storage Oscilloscope Digital Signal Generator,103.73,https://imgaz3.staticbg.com/thumb/view/oaupload/banggood/images/B7/70/bae34724-482d-48e1-91cc-3be43e11293d.jpg.webp,https://www.banggood.com/FNIRSI-1014D-7-Inch-TFT-LCD-Display-Screen-2-In-1-Dual-Channel-Input-Storage-Oscilloscope-Digital-Signal-Generator-p-1864812.html?rmmds=ToolsFlashDeals&cur_warehouse=CN&ID=0,"Tools, Industrial and Scientific",4.8,26,In Stock
